{
  "mfcc_1_mean": 0.249032,
  "mfcc_2_mean": 0.205847,
  "mfcc_2_std": 0.099029,
  "voiced_ratio": 0.072611,
  "mfcc_26_std": 0.048191,
  "mfcc_10_std": 0.043458,
  "d2mfcc_7_std": 0.041388,
  "dmfcc_5_std": 0.037201,
  "rms": 0.036077,
  "mfcc_20_std": 0.026202
}